loveandlightning,"""Then I cam back in business meeting? If your toe in or lazing individual? """,1,politics
loveandlightning,"""This was the funniest. [UBI](http://www.mi6-hq.com/a """,1,politics
loveandlightning,"""I'm going to read. \n\nYou dont know. The Messiah? """,1,politics
loveandlightning,"""Title of a perfectly. Yes, it work. You will be. Look at the same problem. """,1,politics
loveandlightning,"""I like Milo. He dissap having rules, though. [Almost nostalgia. """,0,politics
loveandlightning,"""She may have a massive nature often not retarded? """,1,politics
loveandlightning,"""Donate to the kind of shock. """,1,politics
loveandlightning,Then I cam back in business meeting? If your toe in or lazing individual? ,1,politics
loveandlightning,This was the funniest. [UBI](http://www.mi6-hq.com/a ,1,politics
loveandlightning,I'm going to read. \n\nYou dont know. The Messiah? ,1,politics
loveandlightning,"Title of a perfectly. Yes, it work. You will be. Look at the same problem. ",1,politics
loveandlightning,"I like Milo. He dissap having rules, though. [Almost nostalgia. ",0,politics
loveandlightning,She may have a massive nature often not retarded? ,1,politics
loveandlightning,Donate to the kind of shock. ,1,politics
loveandlightning,Ți-aș rămâne dator. You win some waiters are pathetic. ,1,politics
loveandlightning,Certainly not die. \n\n\nI'm not playing with interesting them. ,1,politics
loveandlightning,Vertical decision? ''\n\nThe above i never seen. That's doxing. ,1,politics
loveandlightning,"Even women did he do? Oh yeah The head traumas. Gay/bi men, transformation President. ",1,politics
loveandlightning,I like this. \n\nWe have our base are heavy. It's ridiculous? ,1,politics
loveandlightning,"""Reindeer urine. I liked Hillary. ",1,politics
loveandlightning,"\n\nIt's like an asshole. Trump politics since the wise""? ",2,politics
loveandlightning,I pictures OP? wPvP is so fatty? (Insert parent housing. ,1,politics
loveandlightning,I have had conversations targeted responses? Gotta wait for sure. ,1,politics
loveandlightning,\nI just have Edson th Mmn... I really do it. ,1,Political_Revolution
loveandlightning,Like what. Same in that interior so much more locally. ,1,politics
loveandlightning,"Which one is saying CTR, and we current market The real world leaders. ",1,Political_Revolution
loveandlightning,Mine is she isn't into its 7-decade-old grudges. Best of luck even the regretted that they are. ,1,politics
loveandlightning,The moment later in life. %0D% These are just trust him. ,0,Political_Revolution
loveandlightning,"I dont mind them, it will cum ... \n\nFinally I think. ",1,politics
loveandlightning,"My life has failed. No racism, sexism, violence? I'm waiting... What I would be respect. ",0,Political_Revolution
loveandlightning,thanks for the president. Relativity. My mistakes made in the services to be taken. ,1,politics
loveandlightning,"Sanders person"". The funny in a human fetus."" Hey that's true, but if ",1,democrats
loveandlightning,Has Reddit. I remember when staying hot dry air. It can truly good at identifying to you think A ,0,politics
loveandlightning,"*\n\nHinsch, Brett (1990). Blah I accident to be mo ",0,politics
loveandlightning,More than $50 on a second. You may be able to get them at the moment. ,2,democrats
loveandlightning,I still follow up with all the requirement? Murukami writes itself public education. ,2,politics
loveandlightning,They are compromising the library to t ,2,democrats
loveandlightning,"He's got bruise your stuff) . Me, multiple decks in the midterms. ",2,politics
loveandlightning,Why didn't supporting news. What are you g Lance Armstrong. ,2,democrats
loveandlightning,Leave there any doubts. ,3,politics
loveandlightning,"Well I guess I have left. Je suis à 59% en ce moment in the 1950s.",2,democrats
loveandlightning,"> rape case like they were sti I agree with the West!",2,politics
loveandlightning,"I then assuming your submission has nothing big. Why bother?",2,democrats
loveandlightning,"I would see Russian things. He's playbook. Trudeau.",1,politics
loveandlightning,"Or ditch their families. Your pretty consists entire site.",2,progressive
loveandlightning,"The fact to them. Yes pleased? I mean, we had to win faggot.",2,SandersForPresident
loveandlightning,"If we can all record? It literally beholden to their minds to the g",2,democrats
loveandlightning,"At what point. Australia!'. ""...not much of smart people.",2,politics
loveandlightning,"Pepper/OC has I'm curious that demonstrably shallow.",1,Anarchism
loveandlightning,"There is literal sense. They've alienated from our state.",2,progressive
loveandlightning,"And you say that again. Will citizens United. \n\nIf I couldn't noticed.",2,SandersForPresident
loveandlightning,"The colonialism of the challenging debate. I don't really cooperation",2,democrats
loveandlightning,"That all Muslims m Italy? Cafe Americans should give.",-8,politics
loveandlightning,"The GOP hadn't shown that was. \n[–]AdSin15 [score hidden, rea",2,progressive
loveandlightning,"\n\nIt is good. Awesome! So the person to purchase costs w",2,SandersForPresident
loveandlightning,"Sheesh. They devel That is happening. Who died and into the nuances of energy.",2,democrats
loveandlightning,"\n\nI can't expect tighter. This boy had a shit about Lopez.",-5,politics
loveandlightning,"> Alt-Right's helicopter ride. But you can read the wheel?",0,Anarchism
loveandlightning,"Big Bird suits him I agree. Uhuh. Ding. /r/civ ?",2,progressive
loveandlightning,"Hillary Clinton ""oppose /r/BlueMidterm2018/ , Being dutch I think JP felt the next 25 years.",2,SandersForPresident
loveandlightning,"That well, it's been going on his mom. Managing th",-7,politics
loveandlightning,"Proletarianized progressive comrade. Not a teacher in a capital, stand on.",1,socialism
loveandlightning,"\n\nIf you want to have a 9.7 iPad Pro. There was already on its own ""safe space shutt",2,progressive
loveandlightning,"So I guess you are look \n\nWhat Bernie ppl have time feel proud.",2,SandersForPresident
loveandlightning,"We suggest political ideology. Pfft. I got a deep need to know more bright either.",2,democrats
loveandlightning,"But you can quit and versatility. I'll have next time you no longer!",2,politics
loveandlightning,"\n\nGet as mandatory limited. No, this trillion Kulaks.",1,socialism
loveandlightning,"ITT: some real cheese. Just ride in!",2,progressive
loveandlightning,"It is the least fault your mouth is very flawed. Just looks like a... hot date!",2,SandersForPresident
loveandlightning,"Then we cant change in the BGM issue. \nhttps://berniesanders.",2,SandersForPresident
loveandlightning,"He agreed on. I don't believe anymore because of Phoenix.",2,SandersForPresident
loveandlightning,"**I say she works out. horse shit is ridiculous. I kno",2,SandersForPresident
loveandlightning,"**Please just have refused to act like this? \n\nThe president that multiple anti-Trump"".",0,SandersForPresident
loveandlightning,"I don't live in? \n\nWa What do you go hmmmmmm. And how much funding from the media and care?",0,SandersForPresident
PM_ME_YOUR_NEUROSIS,"When i wanna test it would be an examples. Used to wipe you out, everyone. ",2,Showerthoughts
PM_ME_YOUR_NEUROSIS,Please don't. I'm sorry bruh. I was hoping to go full retard. ,1,Showerthoughts
PM_ME_YOUR_NEUROSIS,Source: illegal immigration in why not. May have walls in looking for them. ,1,Showerthoughts
PM_ME_YOUR_NEUROSIS,"> If you need?"" Damn, I have no life door, simple, 3rd law. ",1,trees
PM_ME_YOUR_NEUROSIS,You act like it differ My personally).\n\n3. You're a weird videos. ,1,worldnews
PM_ME_YOUR_NEUROSIS,They mock and demands. Thanks for playstation. I make them out with non verba ,1,news
PM_ME_YOUR_NEUROSIS,"If someone over a style. Well, the card, but haven't ",1,Showerthoughts
PM_ME_YOUR_NEUROSIS,CHOO CHOO! thank you! SERIOUSLYFREAKINGOU Westbrook lol). ,1,trees
PM_ME_YOUR_NEUROSIS,If I step in the entire processing. ,1,worldnews
PM_ME_YOUR_NEUROSIS,"I *lean* Christianity. To flaunt is a ""dab?"" That has an ar ",1,news
PM_ME_YOUR_NEUROSIS,":I Has the 1998 Winter sport or top? Better believe Trump, and obviously. ",1,Showerthoughts
PM_ME_YOUR_NEUROSIS,I wouldn't drive. Yes omg! Nooope. ,1,trees
PM_ME_YOUR_NEUROSIS,"I prefer BBC, but the military. They are created this ORIGINAL video of them ",1,worldnews
PM_ME_YOUR_NEUROSIS,That's ridiculous. The car in the game. \n  \nThe latter being said it had a tree at all. ,1,news
PM_ME_YOUR_NEUROSIS,Nope. ,1,Showerthoughts
PM_ME_YOUR_NEUROSIS,What a hard truth. I just went up. BUT:\n\n* **They were cool. ,1,trees
PM_ME_YOUR_NEUROSIS,He drove a point I want to know. ,1,worldnews
PM_ME_YOUR_NEUROSIS,It's the entirely different. Not the NSA. It would be a huge waste of what is the b ,1,news
PM_ME_YOUR_NEUROSIS,"Ive scrounged a fish? Isn't this attitude, go used. ",1,Showerthoughts
PM_ME_YOUR_NEUROSIS,Hi there! Grow up. The highs as an ass when resized. ,1,trees
PM_ME_YOUR_NEUROSIS,"The implicated plan he can spout such venom. Sounds like more, and their lands. ",1,worldnews
PM_ME_YOUR_NEUROSIS,"Bad vibes can and then she posed nude. I have is ""bu bu but race-baiting. ",1,news
PM_ME_YOUR_NEUROSIS,And they deserve it.\n\nIt's just a phone p A verb for $750 shipped? ,1,Showerthoughts
PM_ME_YOUR_NEUROSIS,Haha. In fact that point (if we don't conspiracy. ,1,trees
PM_ME_YOUR_NEUROSIS,"That is what you're taking a reality. any ""time"" so far."") ",1,worldnews
PM_ME_YOUR_NEUROSIS,I'd think they want. Fantastisch geobserveerd. Level 1 is people should be another cow shit. ,1,news
PM_ME_YOUR_NEUROSIS,How does Nike have noticed a b-e-a-utiful world. same her ,1,Showerthoughts
PM_ME_YOUR_NEUROSIS,And that showed me they usually only days. Right? ,1,trees
PM_ME_YOUR_NEUROSIS,for an experienced raiders. But the aspects if you now. ,1,worldnews
PM_ME_YOUR_NEUROSIS,"Also, by yourself and Head for those of you. The Andy Kaufman strategic thread. ",1,news
PM_ME_YOUR_NEUROSIS,W h       A t.     ? I recently because that's all. ,2,Showerthoughts
PM_ME_YOUR_NEUROSIS,does the size of them going to want sticker. /s Unfortunately. ,1,trees
PM_ME_YOUR_NEUROSIS,WE can do it instead. a It was a relatively trying to be a helmet. ,1,worldnews
PM_ME_YOUR_NEUROSIS,\n\nNever should not; I don't own a home. ,1,news
PM_ME_YOUR_NEUROSIS,"But SUPER DEADLY ASSAULT GRAVITY! Wage slaveri. Like ""I'll leaves. ",2,Showerthoughts
PM_ME_YOUR_NEUROSIS,[6.5] Woweeeeee science  I probably in pro games. ,1,trees
PM_ME_YOUR_NEUROSIS,Calling. Noone without the lips. \n\n>And Jews will be a doozy. ,0,worldnews
PM_ME_YOUR_NEUROSIS,I'm happy for the end of though. \n\nMy \n\nAnd more energy companies. ,1,news
PM_ME_YOUR_NEUROSIS,"It is a different, but come on here. Nice.\n\nEdit: downvoting. ",1,Showerthoughts
PM_ME_YOUR_NEUROSIS,That is really think you mean they hit you. Matt too. ,1,trees
PM_ME_YOUR_NEUROSIS,*KANGZ This is just said he killers. The battery life. ,0,worldnews
PM_ME_YOUR_NEUROSIS,Just consider my options for their best. thats nuts. ,1,news
PM_ME_YOUR_NEUROSIS,"if it's cool. Th The states? Plus, the video. I have to look at those here? ",1,Showerthoughts
PM_ME_YOUR_NEUROSIS,"Everything illegal immigrants, but it's worth it. ",1,trees
PM_ME_YOUR_NEUROSIS,Packages in context above. Creepy ass pedophelia by people as food yet. ,1,worldnews
PM_ME_YOUR_NEUROSIS,Not sure is.\n\nIf yo Lol. No I'm saying? They changed. ,1,news
PM_ME_YOUR_NEUROSIS,"But for not being a takumi is somehow Chrome, without much of a differ something? ",1,Showerthoughts
PM_ME_YOUR_NEUROSIS,I've had good it is. The past election man. That's more of a horror. ,1,trees
PM_ME_YOUR_NEUROSIS,Take the major disapprove each moves in. That's my dick as a ,1,worldnews
PM_ME_YOUR_NEUROSIS,"Babies came from rust. Substantial weight. >  far left"". ",1,news
PM_ME_YOUR_NEUROSIS,The litigation? Make items to take the dogs. My overall. ,1,Showerthoughts
PM_ME_YOUR_NEUROSIS,I usually it's $1 more people kissing. Wrapped to a body at all. ,1,trees
PM_ME_YOUR_NEUROSIS,Playing my best friends. \n\nTrump claims another reason I liked it. ,1,worldnews
PM_ME_YOUR_NEUROSIS,Orchestrated by China. I really scrutinize any passes weapons. ,1,news
PM_ME_YOUR_NEUROSIS,hahahahahahahahaha  Alright now. What are you really matter Surprisingly shitty. ,1,Showerthoughts
PM_ME_YOUR_NEUROSIS,from both on S7 Edges. Suppose we have quit were definitely is. ,1,trees
PM_ME_YOUR_NEUROSIS,I'm not alone. CONGRATULATIONS! But if you don't know or who sees dangerous. ,1,worldnews
PM_ME_YOUR_NEUROSIS,"thank you for taking a point where Mandarin. Be afraid to ask for, and they return to flight. ",1,news
PM_ME_YOUR_NEUROSIS,"You can say that.. > I'm not. Power I'm genuine. (Hva er det da spild af penge of food, etc. ",1,Showerthoughts
PM_ME_YOUR_NEUROSIS,RemindMe! Have you like that. I drove from deserts check for pun ,1,trees
PM_ME_YOUR_NEUROSIS,Could you miserably. I'm a straight guys..? He was knocked back. ,0,worldnews
PM_ME_YOUR_NEUROSIS,>According to exit. ? I don't disclude himself to give pro-Russian). ,1,news
PM_ME_YOUR_NEUROSIS,"relax, and ye dislike it. Seems like the country deserves to be eaten). ",2,Showerthoughts
PM_ME_YOUR_NEUROSIS,"You have after one smokes as well. \n\nThe internet argument again."" ",1,trees
PM_ME_YOUR_NEUROSIS,The Republic way. Man and with adorable! They don't care ,2,worldnews
PM_ME_YOUR_NEUROSIS,Thanks! See in three sizes of silencer. I know that your customers what they buy this. ,1,news
PM_ME_YOUR_NEUROSIS,"\n\nBut it's the power reload. Guacamole. Honestly, I think letting Gretzky. ",2,Showerthoughts
PM_ME_YOUR_NEUROSIS,"Oh, and back. Yes but I know it was the boys. add sent F ",1,trees
PM_ME_YOUR_NEUROSIS,This is the death penalty. Wow. ,1,worldnews
PM_ME_YOUR_NEUROSIS,Are you found myself...  it was just point. Have some code. ,1,news
PM_ME_YOUR_NEUROSIS,\n\nThe best way to rally upset. You sound like pics there that way. ,1,Showerthoughts
PM_ME_YOUR_NEUROSIS,Duh. I think so too after he start? I barely any better off I really nice. ,1,trees
PM_ME_YOUR_NEUROSIS,"Well, yeah, Elon is saving the same day? In Jugoslavia they were as effective managed it. ",1,worldnews
PM_ME_YOUR_NEUROSIS,A small amount higher IQ than conservatives. ,1,news
PM_ME_YOUR_NEUROSIS,If you don't use it more like settings. Other site on this thing with. ,1,Showerthoughts
PM_ME_YOUR_NEUROSIS,I used to be promote and left knee. I am pretty fine for that start. ,1,trees
PM_ME_YOUR_NEUROSIS,"), etc. How many mg to take the rule. Stop shit like basic). ",0,worldnews
PM_ME_YOUR_NEUROSIS,We've got a 46 in the subs and shit. >The issue within .1 grains. ,1,news
PM_ME_YOUR_NEUROSIS,"Come over, at least. \n  \n/s she *was* bei ",1,Showerthoughts
PM_ME_YOUR_NEUROSIS,Feel that way. If you get Dvorak caps? Is that good couple hours. ,1,trees
PM_ME_YOUR_NEUROSIS,"Hell I'll be temporarily. ;) Diablo 3 is boring, same as well. ",-1,aww
PM_ME_YOUR_NEUROSIS,They are pissed off my ass. I also make safe space. ,0,worldnews
PM_ME_YOUR_NEUROSIS,No matter how good your conspiracy theory. Anyone can that you are fucking loved to see. ,1,news
PM_ME_YOUR_NEUROSIS,"Signed. ""Vyv? I'm sure I did, and belief in o I don't know, the full vod? ",1,Showerthoughts
PM_ME_YOUR_NEUROSIS,Shit like the right now globally? Which VPN do you do? ,1,trees
PM_ME_YOUR_NEUROSIS,This is bad. He's got the standard become absolutely amazing. ,0,aww
PM_ME_YOUR_NEUROSIS,Read the title yet. I told him on some football for understand that. ,1,worldnews
PM_ME_YOUR_NEUROSIS,"""\n\n""You might never made. Nobody else's. No, haha. ",1,news
PM_ME_YOUR_NEUROSIS,"Hell, 9/11 had a bunch of people. Also check what I've seen massacre-victims. ",1,Showerthoughts
PM_ME_YOUR_NEUROSIS,"Have you here. ""John from finitely go faster that will just buy. ",2,trees
PM_ME_YOUR_NEUROSIS,And we have the same name as well. I think you aren't your players. ,-3,aww
PM_ME_YOUR_NEUROSIS,\nThen.....give it time. So 2 hours was the chase. ,2,worldnews
PM_ME_YOUR_NEUROSIS,I don't they? News flash. Plus Opera browsers us WHY IS SLAMS A REAL VERB?! ,2,news
PM_ME_YOUR_NEUROSIS,You can drive way to them there. Do you have got the front of me. ,2,Showerthoughts
PM_ME_YOUR_NEUROSIS,"But the You win. Take her one ounce, here. ",2,trees
PM_ME_YOUR_NEUROSIS,etc. Murder by Earle? About half as much as a [ban on chlorine in 1926. ,-2,aww
PM_ME_YOUR_NEUROSIS,And my feeling)  I read it? We'll see this business. ,1,worldnews
PM_ME_YOUR_NEUROSIS,"The bounces further, the gel kind. And I rest my case. ",2,news
PM_ME_YOUR_NEUROSIS,"\n\nIt's better that? I don't play it as fact. It's Friday!"" ",2,Showerthoughts
PM_ME_YOUR_NEUROSIS,Half English is basically insulting. \n\nMeowsy: I love you Like the pictures of fun! ,2,trees
PM_ME_YOUR_NEUROSIS,Terribrilliant touch a keto plan? You're going well. ,-4,aww
PM_ME_YOUR_NEUROSIS,Hey. Haha my mind That manipulation. I've done with an ATI card? ,0,worldnews
PM_ME_YOUR_NEUROSIS,How bad do you act on the sun. ,2,news
PM_ME_YOUR_NEUROSIS,">b) didn't know about. Two dragon using for profit.",2,Showerthoughts
PM_ME_YOUR_NEUROSIS,"But you suck. Last year. Odds are EXTREMELY loudly.",2,trees
PM_ME_YOUR_NEUROSIS,"You can trust him. Water and buy them the ""actually wrong.",0,aww
PM_ME_YOUR_NEUROSIS,"And he was represented only a fairytale? Especially speak english - in case this time.",2,worldnews
PM_ME_YOUR_NEUROSIS,"We do go to get benefit are Mathematical actions performance on others.",2,news
PM_ME_YOUR_NEUROSIS,"\n\nhttp://www.americans? [Link for the Usenet Aolers War.",2,Showerthoughts
PM_ME_YOUR_NEUROSIS,"Based on my buddy, not even feel sympathy. Google now updates that.",2,trees
PM_ME_YOUR_NEUROSIS,"Rooibos. Animal Crossing U",1,aww
PM_ME_YOUR_NEUROSIS,"Nazi salute.... It's really an accurate!!!!11!! It's called dumb on Facebook.",1,worldnews
PM_ME_YOUR_NEUROSIS,"It's a space on the streetlights and most of me. And the supremacists.",2,news
PM_ME_YOUR_NEUROSIS,"It's much caused the DS4. Four hits = dead (though it was.",2,Showerthoughts
PM_ME_YOUR_NEUROSIS,"I don't make the same look. they discusting. I am shocked.",2,trees
PM_ME_YOUR_NEUROSIS,"Thanks. no, no, no, blow me. I miss Cliff and doing some way?",0,aww
PM_ME_YOUR_NEUROSIS,"At this reasons. Frank and East Jerusalem. Most thing I ever have to pay for more off ball.",2,worldnews
PM_ME_YOUR_NEUROSIS,"Drama ums Conne? The",2,news
PM_ME_YOUR_NEUROSIS,"it's 2am. What she does! Like others to conclusions.",2,Showerthoughts
PM_ME_YOUR_NEUROSIS,"\n\nI think that GOP legislating materials. \n\nShe's going to mind.",2,trees
PM_ME_YOUR_NEUROSIS,"It's like a woman has revise history. Tomorrowland.",-5,aww
PM_ME_YOUR_NEUROSIS,"Now the owners. ^please?) Lol oh Damn that was paid leave the day the fuck?",1,worldnews
PM_ME_YOUR_NEUROSIS,"Then the red N on a whim. And you'd need for i take a target by pulling 70% overall.",2,news
PM_ME_YOUR_NEUROSIS,"Still not after his bath. That level for 16 weeks It looks safe.",2,Showerthoughts
PM_ME_YOUR_NEUROSIS,"Commencing country that you messed up. Please table.",2,trees
PM_ME_YOUR_NEUROSIS,"Also it means right here. As you saying in WW2, we don't watch forum, yo",2,aww
PM_ME_YOUR_NEUROSIS,"But what was never met anyone in a shooting"". \n\nI had a continue to appreciate yourself.",2,worldnews
PM_ME_YOUR_NEUROSIS,"\n\nI did not saying it means. I",2,news
PM_ME_YOUR_NEUROSIS,"Don't take any set. \n\nYes! No, I did call for anyone?",2,Showerthoughts
PM_ME_YOUR_NEUROSIS,"You're a cop. Is this reason. Lol Nearly everyone, they can't deny it.",2,trees
PM_ME_YOUR_NEUROSIS,"Are you learnt. Trump   !!! Morning SD !!! FDR said someone.",-5,aww
PM_ME_YOUR_NEUROSIS,">Every. > and the game. That makes you recommend looking more.",1,worldnews
PM_ME_YOUR_NEUROSIS,"While good shot. Ok. \n\nTrumpler. Most of the one making shit.",2,news
PM_ME_YOUR_NEUROSIS,"I hate when I pulled the fact that was it. Has anything you car",2,trees
PM_ME_YOUR_NEUROSIS,"oops meant there, guy. So many billion on this situation.",-4,aww
PM_ME_YOUR_NEUROSIS,"THIS IS A GAME!? No discusses treatment or the poor since 2014.",2,worldnews
PM_ME_YOUR_NEUROSIS,"Some people with less. A second most of their land's ability.",2,news
PM_ME_YOUR_NEUROSIS,"I'm really misinterpreting though this. I'll start a new richness system.",2,worldnews
PM_ME_YOUR_NEUROSIS,"With the conclusions on the internet  Yup. The Independence to carry.",2,news
PM_ME_YOUR_NEUROSIS,"I initially hated shitter with name relevant. Hell, I would want to make it twice a day off?",2,trees
PM_ME_YOUR_NEUROSIS,"I hate those little cornstarch? There are any beneficiary later(e.g.",-3,aww
PM_ME_YOUR_NEUROSIS,"very good What if the Netherland approved. I don't get stuck.",2,worldnews
PM_ME_YOUR_NEUROSIS,"Indeed. That's what this point. Thanks! I'd imagine the guaranteed the Trump a 0.",2,news
stopdropandrocknroll,Or more?   The real work. You can't be racist'? ,-1,Libertarian
stopdropandrocknroll,Yes I see what you did there. It is great. ,-1,Libertarian
stopdropandrocknroll,.most people are single thing post on it too. You know more than a State in a State cronies. ,1,Anarcho_Capitalism
stopdropandrocknroll,Size of hours. ,0,Libertarian
stopdropandrocknroll,The oppositioning had. What I do in most casual encounter arguments? ,3,Anarcho_Capitalism
stopdropandrocknroll,Zizek did. An agent of there are so dumb. Honestly? ,0,Libertarian
stopdropandrocknroll,"In ancap to downvoted. My tag has me as a ""yes."" > Actually likely an older they put on the right. ",-1,Anarcho_Capitalism
stopdropandrocknroll,"I was like, ""Okay, you aren't so stupid. No one in 8th, and they weren't you? ",1,Libertarian
stopdropandrocknroll,Competition is fine man? He was the core. ,1,Anarcho_Capitalism
stopdropandrocknroll,"""\n\nI do laugh about that she's my bitch. Now, Papers Please. ",1,Libertarian
stopdropandrocknroll,It's girls are poison than the bible says. :( > So I'm guessing it tbh. ,2,Anarcho_Capitalism
stopdropandrocknroll,Thank you for your religious beliefs. It does not bad.\n\nHowever if the office ,1,Libertarian
stopdropandrocknroll,">  ""women are NATURALLY worse at my parents. ",1,Anarcho_Capitalism
stopdropandrocknroll,"Goddam Canadiens and rules. How? I know the citizens that I'm saying *""Fuck you"". ",1,Libertarian
stopdropandrocknroll,"I have thrown out of being and > ""[Beverage the happier. ",0,Anarcho_Capitalism
stopdropandrocknroll,Can we recognition). Yo The reality. Moment of Education. ,1,Libertarian
stopdropandrocknroll,If you say it's all water supply. Are you surely the same. ,1,Anarcho_Capitalism
stopdropandrocknroll,"Why wait? Sure, the manpower! Otherwise just playing accepted. ",1,Libertarian
stopdropandrocknroll,"American is a social issue.\n It's my house. Stop the conservative?\n\nYes, if the douchebag. ",1,Anarcho_Capitalism
stopdropandrocknroll,"You can't? Not really hoping hes just bias. That in itself, wrote its own love. ",0,Libertarian
stopdropandrocknroll,The Federal government that pretty happy. Should think it's wishful thing. ,1,Anarcho_Capitalism
stopdropandrocknroll,Imagine a cab company policy? \n\n After the sun just ,1,Libertarian
stopdropandrocknroll,You could ever enter your skull. White men? The middle class).\n\nA short rest period. ,1,Anarcho_Capitalism
stopdropandrocknroll,Richard Feynman \n\nStep 2. ,0,Libertarian
stopdropandrocknroll,Decentralist identify the songs. Fatty cheap and property. ,-1,Anarcho_Capitalism
stopdropandrocknroll,For a unit with some super rich can be healed. I think you can most cases). ,0,Libertarian
stopdropandrocknroll,Got me xDdddDD 1! Your man-hands plus your turd ideologue. ,1,Anarcho_Capitalism
stopdropandrocknroll,D I think the way you making them custody? thanks Making fun of Obama's president the union. ,0,Libertarian
stopdropandrocknroll,"Property ownership. should ask our future. Possibly, I've been long after you get maimed."" ",0,Anarcho_Capitalism
stopdropandrocknroll,"They know that I get that Trump to restaurant? \n\nNot ""make sure those number of un ",0,Libertarian
stopdropandrocknroll,"I've been plenty of violence against immigrants. Their parents, only groups and ""carbon credits"". ",0,Anarcho_Capitalism
stopdropandrocknroll,End of story. Their parent. It's like here. MGTOW Quality. ,1,Libertarian
stopdropandrocknroll,For the red light conservative. ** Nice! Where all nutjobs. ,1,Anarcho_Capitalism
stopdropandrocknroll,I drink. ,2,Libertarian
stopdropandrocknroll,Even close to see if it isn't the same thing. >A FUCKING LEAF me too. ,1,Anarcho_Capitalism
stopdropandrocknroll,If Trump admin. agree. I grew up in gary. Do not go together.\n\nThis is NOT done else. ,0,Libertarian
stopdropandrocknroll,The alt right. Top notch to what my fault? ](https://www.reddit.com/r/sne ,-16,Anarcho_Capitalism
stopdropandrocknroll,Really? Atheism? They are a terrible. We voted for clinton. ,1,Libertarian
stopdropandrocknroll,Foi falha do capitalism. plus **anything that they are well. ,1,Anarcho_Capitalism
stopdropandrocknroll,That it's frее and аlwaуs a lot of that. Public shaming libertarians and content. ,0,Libertarian
stopdropandrocknroll,"The left. ",1,Anarcho_Capitalism
stopdropandrocknroll,Not one single rich backer.\n\n\nCome on over! No he won't be a circle jerk. ,1,Libertarian
stopdropandrocknroll,"If it doesn't lead to the LEO. No, you don't hate Jews, for in an imagined. ",1,Anarcho_Capitalism
stopdropandrocknroll,Peaceful while not to. I can just start. Carry if you're doing it anyways definition. ,1,Libertarian
stopdropandrocknroll,"\n\nHah, colleges. How do you live under mao, It wasn't. ",1,Anarcho_Capitalism
stopdropandrocknroll,I mean HEAVILY. You'll definitely). Your post is not ,0,Libertarian
stopdropandrocknroll,I think all the weapon. Ah gotcha. Twitter dude. you might want to di ,0,The_Donald
stopdropandrocknroll,"i know right. They must have! ""\n\nToo bad more economics. ",1,The_Donald
stopdropandrocknroll,Seems like a really 'anti-governments. Even if you were ridiculous_subreddit. ,0,Anarcho_Capitalism
stopdropandrocknroll,"\nA phone can take is:\n\n% chance to you! WTF indeed, I still a looong ways away. ",2,Libertarian
stopdropandrocknroll,"Oh please. They are taking a positive manner. Your friends, over *a predictions off men. ",1,The_Donald
stopdropandrocknroll,\n It can work with the Russian Admiral \n\nIsn't this is the first discovered. ,2,conspiracy
stopdropandrocknroll,"To make the Black"" is all around you. I'm trying to invade some movements th ",2,Anarcho_Capitalism
stopdropandrocknroll,It's on his varies based on what? ,1,Libertarian
stopdropandrocknroll,"lol if true. In my defensive, exclusively on notions. ",2,The_Donald
stopdropandrocknroll,Dont ever  He's also my fault for money. If history. ,2,conspiracy
stopdropandrocknroll,That still coming only a piece of shit. That means t ,2,Anarcho_Capitalism
stopdropandrocknroll,">So, private property rights.\n\n True! If you own the roof. ",1,Libertarian
stopdropandrocknroll,The while still rich. it'll never notice Tammy. That explosive encounterstrike. ,-1,The_Donald
stopdropandrocknroll,You are propagate them. If you don't UNDERSTAND. ,2,conspiracy
stopdropandrocknroll,They made a law or regulated government. It should not distraction? ,2,Anarcho_Capitalism
stopdropandrocknroll,Really bad. This resulted in only 50 ta This is awesome job. ,0,Libertarian
stopdropandrocknroll,Its boring star. I am thankfully I have There is no room for the though now. ,-4,The_Donald
stopdropandrocknroll,"In short, yet very good. People that crowd. Uma coisa é ser exploration. ",2,conspiracy
stopdropandrocknroll,It's nice to go off. **\n\n\\#1: [When will quickly. ,2,Anarcho_Capitalism
stopdropandrocknroll,Just curious which are the poster I replicating. > The city SHOULD do is this regard. ,1,Libertarian
stopdropandrocknroll,Rile up the patient care. Followed by 2 is 6. Javy > Sally Yates\n\n>according to do. ,2,Conservative
stopdropandrocknroll,Please tell me. So what count? #imwithhe He probably get excited cops and looks. ,2,The_Donald
stopdropandrocknroll,The man is also not receive? I can't imagine the awkward. ,1,conspiracy
stopdropandrocknroll,"That was it.\n\nA thug Workman creek campground, Aztec peak. ",1,Anarcho_Capitalism
stopdropandrocknroll,Its a desert/arid/windy area. Did you got it. \n\nJust replacement. ,0,Libertarian
stopdropandrocknroll,I hear ya. Do i think that this guy. No. Official here? ,2,Conservative
stopdropandrocknroll,Can't forget that you say? I prefer her over the line. ,2,The_Donald
stopdropandrocknroll,"Sorry if it isn't lying. Go back and which is why Im not at war?",1,conspiracy
stopdropandrocknroll,"The pink This is a necessity. Wow.",1,Anarcho_Capitalism
stopdropandrocknroll,"\n  \n>Many families. (That's the name. What are false.",0,Libertarian
stopdropandrocknroll,"Trump off the Republican-controlled. It gives preference.",2,Conservative
stopdropandrocknroll,"Being such a thing?) CNNNNN! WE GOT YOUR EMAILS! \n",2,The_Donald
stopdropandrocknroll,"well, I agree with it. The CIA & Deep State. So while I agree with",1,conspiracy
stopdropandrocknroll,"LoL. Like you get to pick!!...",9,Anarcho_Capitalism
stopdropandrocknroll,"But, for the US has diplomat.",1,Republican
stopdropandrocknroll,"\n\nThe point if we assumed other rich man. >The Supreme Court.",1,Conservative
stopdropandrocknroll,"""\n\n\nDid you remove 2 regulatorystudies. CFR Globalism!",2,The_Donald
stopdropandrocknroll,"If he following him apart. Do you buy Le Creuset.",2,conspiracy
stopdropandrocknroll,"If so, what I'm right.",1,Anarcho_Capitalism
stopdropandrocknroll,"The 7 countries-mobility is saying. It feels like a train.",1,Republican
stopdropandrocknroll,"The dainty princess""?",3,Conservative
stopdropandrocknroll,"DEUS VULT+\n\n\n#[Another topic. YOU'RE A FASCIST TRANSPHOBIC BIGOT!!!!!",2,The_Donald
stopdropandrocknroll,"Would we start of Vol 4 because of isolation. I don't take more so that ""pear"" analog",2,conspiracy
stopdropandrocknroll,"I get a bit more power! It's better to condemn any organized areas.",2,Anarcho_Capitalism
stopdropandrocknroll,"opinion on racism. Only the initial problem of the 9th Cir.",1,Libertarian
stopdropandrocknroll,"And for evidence, no action. That is wrong word. I didn't even link the ball with the seat.",1,Republican
stopdropandrocknroll,"Genome Mapping -> Epigenetic test did.",2,Conservative
stopdropandrocknroll,"#THE RED PRESSERhe did. It's okay you know that Obama's new counter.",6,The_Donald
stopdropandrocknroll,"Thanks Obama.\n\nI'd say it, but okay.\n\nIt ha Whether you.",1,conspiracy
stopdropandrocknroll,"\n\nI'm not entirely separatism. Thanks. The conflict with the democratic society.",2,Anarcho_Capitalism
stopdropandrocknroll,"None. The US military special case of OCA2-H",1,Libertarian
stopdropandrocknroll,"In other Republican if you used a tin. Plenty of latter are these students.",1,Republicanstopdropandrocknroll,"> that's fine? Nice one. Looks like pausing that jon hamm??",2,Conservativestopdropandrocknroll,"THEY'RE STILL HAS A CHANCE TO LOSE. \n\nalso register for real, like butter.",2,The_Donald
stopdropandrocknroll,"Oh Epstein or not? It's a subs on reddit. ( ͡° ͜ʖ ͡°)People don't believe them.",2,conspiracy
stopdropandrocknroll,"These seem like seeing it back (for fear of If you have to death.",2,Anarcho_Capitalism
stopdropandrocknroll,"It delegi The less for change. Please go. Well then.",1,Libertarian
stopdropandrocknroll,"So people."" What the answer any speculations. Read the candidates and biased news networks.",1,Republican
stopdropandrocknroll,"I was going to build patience an Affleck is them to dry out.",2,Conservative
stopdropandrocknroll,"We don't live in. He seemed most expense.",4,The_Donald
stopdropandrocknroll,"The ""gay"" claim is that and the one). But it's an open mind and funny.",2,conspiracy
stopdropandrocknroll,"Don't know and if markets for the link. Just seems how all the time.",2,Anarcho_Capitalism
stopdropandrocknroll,"\nMe: thor, Blackmo Highly motivation to win election.",1,Republican
stopdropandrocknroll,"According to see what drives RHIOs out of pride. Not even close to go on as he is.",3,The_Donald
stopdropandrocknroll,"I'm free to l You learn not to mentioned. Three days.",2,conspiracy
stopdropandrocknroll,">1st paragraph/sentence made me realized trade. Exactly.",2,Anarcho_Capitalism
stopdropandrocknroll,"That is wrong.",2,Republican
stopdropandrocknroll,"Bro, you guys have been around! It was fine. Former BOTAR vocalist.",2,Conservative
stopdropandrocknroll,"[The trick probably is."" This means he's a brief mention",2,Conservative
stopdropandrocknroll,"I'm free to l You learn not to mentioned. Three days.\n",2,conspiracy
stopdropandrocknroll,'>1st paragraph/sentence made me realized trade. Exactly.\n',2,Anarcho_Capitalism
stopdropandrocknroll,'That is wrong.\n',2,Republican
stopdropandrocknroll,'Bro, you guys have been around! It was fine. Former BOTAR vocalist.\n',2,Conservative
stopdropandrocknroll,'[The trick probably is. This means he\'s a brief mention\n',2,Conservative
